split,filename,label_status
train,c3r1e0n11_jpg.rf.c444fa2a3f0bf656a103413fc08e4281.jpg,EMPTY
train,c3r1e0n12_jpg.rf.8a151e400662aace4defb18e55a52d47.jpg,EMPTY
train,c3r1e0n13_jpg.rf.4bb215cec4dacd7704423f6818bda693.jpg,EMPTY
train,c3r1e0n14_jpg.rf.df2bd725e1c02924517970dcf99c3696.jpg,EMPTY
train,c3r1e0n15_jpg.rf.172c7a4dbacbc22b7ad06c970e01724f.jpg,EMPTY
train,c3r1e0n16_jpg.rf.d85240f0238fd19516ef281db916b3dd.jpg,EMPTY
train,c3r1e0n17_jpg.rf.39c80cb63386a615116181fc5b85bd2e.jpg,EMPTY
train,c3r1e0n18_jpg.rf.c21524a5420ccbd446b6c0c6d7887435.jpg,EMPTY
train,c3r1e0n19_jpg.rf.db31d50f9834976a162257e9aa92a3be.jpg,EMPTY
train,c3r1e0n20_jpg.rf.56345c3623c07dd9dbf3d89059fd9cc6.jpg,EMPTY
train,c3r1e0n21_jpg.rf.bc48a876bcbe4a86916cd09507a9bd61.jpg,EMPTY
train,c3r1e0n22_jpg.rf.b1c5e59ecc317e51a695fdd17f4dbf7c.jpg,EMPTY
train,c3r1e0n23_jpg.rf.e2b17b2a55b619a5692a1aaa0e149a0a.jpg,EMPTY
train,c3r1e0n24_jpg.rf.b7dfa46ebd4243e678b3a861c6cf4ffe.jpg,EMPTY
train,c3r1e0n25_jpg.rf.0c87da50be84ce5b603c9ca2fcd9eb35.jpg,EMPTY
train,c3r1e0n26_jpg.rf.cd145fe6f5a01548be82a75c65105f23.jpg,EMPTY
train,c3r1e0n27_jpg.rf.25fede920115594619f0881d3dc8a7e4.jpg,EMPTY
train,c3r1e0n28_jpg.rf.7340d416d9ac987714c5453da1897ff4.jpg,EMPTY
train,c3r1e0n29_jpg.rf.944a98fc3a257411c5f4b9649fd96037.jpg,EMPTY
train,c3r1e0n30_jpg.rf.dad1af6e71e46732371c20ed53471d1b.jpg,EMPTY
train,c3r1e0n31_jpg.rf.245078df379db4be1d693bf0662901ee.jpg,EMPTY
train,c3r1e0n32_jpg.rf.3f72df909824eb697c0f5cda737b379a.jpg,EMPTY
train,c3r1e0n33_jpg.rf.85c424d39598e699b6cd629a3779c9ae.jpg,EMPTY
train,c3r1e0n34_jpg.rf.a4dd77d7c9959a76e129ef1b120f94d1.jpg,EMPTY
train,c3r1e0n35_jpg.rf.8d9c82d95aa4b44ddcf7bf79bfa588cf.jpg,EMPTY
train,c3r1e0n36_jpg.rf.586bf438e4e1e065f0cdee6230ac41e2.jpg,EMPTY
train,c3r1e0n37_jpg.rf.ace8b42686f2ec77ed51e72e77e35c87.jpg,EMPTY
train,c3r1e0n38_jpg.rf.87d01a317b1334b51f3e2d32a4c2a22f.jpg,EMPTY
train,c3r1e0n39_jpg.rf.16fac789e961b548384aad3f915aba92.jpg,EMPTY
train,c3r1e0n40_jpg.rf.46d1479d808665342d4da54fdc531cee.jpg,EMPTY
train,c3r1e0n41_jpg.rf.5cc908bb6e3ae160f71c5d539254f1f4.jpg,EMPTY
train,c3r1e0n42_jpg.rf.8fda7c9e92520eb00525199ea4fd378a.jpg,EMPTY
train,c3r1e0n43_jpg.rf.87b8960cf2fd522300a846bf4a1ea00d.jpg,EMPTY
train,c3r1e0n44_jpg.rf.d72f8e3d6041d38be6c07097a53d916d.jpg,EMPTY
train,c3r1e0n45_jpg.rf.d11f57ff1c5a4ad17a272346426ba0b5.jpg,EMPTY
train,c3r1e0n46_jpg.rf.32dc03d8d783f212d7752f99952d1b7d.jpg,EMPTY
train,c3r1e0n47_jpg.rf.1fe03736cb9f858ad8365317fa0c8d32.jpg,EMPTY
train,c3r1e0n48_jpg.rf.4257daab29bf6052034853713558fe96.jpg,EMPTY
train,c3r1e0n49_jpg.rf.4113fbcf99b35bd7070c4be0eff36abd.jpg,EMPTY
train,c3r1e0n50_jpg.rf.b32e036878ef55f06091c5f9365d291e.jpg,EMPTY
train,c3r1e1n11_jpg.rf.1360ebb33da7a3c06d86c4653d072b96.jpg,ANNOTATED
train,c3r1e1n12_jpg.rf.e6ab13879ea4b9663e99349992eea149.jpg,ANNOTATED
train,c3r1e1n13_jpg.rf.0a38863f1975ba594f54101950575e79.jpg,ANNOTATED
train,c3r1e1n14_jpg.rf.c7adb2dbb952cf82647c2f22e9b4132d.jpg,ANNOTATED
train,c3r1e1n15_jpg.rf.bb96deb850310af1b396d9d2274ec5b3.jpg,ANNOTATED
train,c3r1e1n16_jpg.rf.cd41562f3682dd8eb4b010c976cdd1bd.jpg,ANNOTATED
train,c3r1e1n17_jpg.rf.cd6f3a9fcffd25f428d5656018d189a7.jpg,ANNOTATED
train,c3r1e1n18_jpg.rf.dd1be9634e9069fbaf61031ccd847927.jpg,ANNOTATED
train,c3r1e1n19_jpg.rf.62e62b33b75b3e05fcad68f75cbdc6aa.jpg,ANNOTATED
train,c3r1e1n20_jpg.rf.b55cff4aa1ab4117e1677161c0d0a113.jpg,ANNOTATED
train,c3r1e1n21_jpg.rf.9535f582f51ee17dba8bcd8013289c22.jpg,ANNOTATED
train,c3r1e1n22_jpg.rf.018151fea5156f10834e2100626e24c7.jpg,ANNOTATED
train,c3r1e1n23_jpg.rf.5a21a054a1a5b0d2af95d3298814e553.jpg,ANNOTATED
train,c3r1e1n24_jpg.rf.b6cf6e81165a8562f7294508c0c766cd.jpg,ANNOTATED
train,c3r1e1n25_jpg.rf.78eb610369c8485b085359cff7499eb0.jpg,ANNOTATED
train,c3r1e1n26_jpg.rf.84e44ff56b1cfa5e175880e4d83f2767.jpg,ANNOTATED
train,c3r1e1n27_jpg.rf.7aba2d32e8715309804f502046434d72.jpg,ANNOTATED
train,c3r1e1n28_jpg.rf.41d31d8177e802b96975598e3f7d0756.jpg,ANNOTATED
train,c3r1e1n29_jpg.rf.b0c17b6882582da794addb104a0b551f.jpg,ANNOTATED
train,c3r1e1n30_jpg.rf.bf7ef6b4f90da95c76aa772b97593c17.jpg,ANNOTATED
train,c3r1e1n31_jpg.rf.1b01d3a6a3932267ea132177eb700586.jpg,ANNOTATED
train,c3r1e1n32_jpg.rf.d7db9717729b1dcf499b9919349554bb.jpg,ANNOTATED
train,c3r1e1n33_jpg.rf.cf36fba816e279ddfc468cd8fee1dd65.jpg,ANNOTATED
train,c3r1e1n34_jpg.rf.eb9936c794e083d503cd3d80a202d023.jpg,ANNOTATED
train,c3r1e1n35_jpg.rf.7830d74cdaacf218af7226912b4792bc.jpg,ANNOTATED
train,c3r1e1n36_jpg.rf.c82a954af4adefe9af5372ffa6bee610.jpg,ANNOTATED
train,c3r1e1n37_jpg.rf.0b73aca639e4ad465f82326f7320fae3.jpg,ANNOTATED
train,c3r1e1n38_jpg.rf.c8bb48a90ab039b0215c953937db8830.jpg,ANNOTATED
train,c3r1e1n39_jpg.rf.793541bb8cc627eec2f6f4be988df6dc.jpg,ANNOTATED
train,c3r1e1n40_jpg.rf.6cd3c856a167abb803af84a7e0b9c571.jpg,ANNOTATED
train,c3r1e1n41_jpg.rf.98b2607d7253f72cff29df3c3d0e888d.jpg,ANNOTATED
train,c3r1e1n42_jpg.rf.3f3c42e84eb2dda5b9163f8096378bfd.jpg,ANNOTATED
train,c3r1e1n43_jpg.rf.8559186fa9f74c3715212ca995351e3e.jpg,ANNOTATED
train,c3r1e1n44_jpg.rf.53a7ce129f52dd4d9c1a53689fbdb0ec.jpg,ANNOTATED
train,c3r1e1n45_jpg.rf.59e5d9be433eb277c25828f9de1c74b7.jpg,ANNOTATED
train,c3r1e1n46_jpg.rf.46827fb9ffd8604cb75e04faedc7849e.jpg,ANNOTATED
train,c3r1e1n47_jpg.rf.e8efdf5c17fed84664df8a5cd4f5d088.jpg,ANNOTATED
train,c3r1e1n48_jpg.rf.6ddbf86c534622febd869cab0b35cc3a.jpg,ANNOTATED
train,c3r1e1n49_jpg.rf.8e4406585a3581346a1ba47795cf3cec.jpg,ANNOTATED
train,c3r1e1n50_jpg.rf.a91aef236ffb95ac1b538b94ea9a5435.jpg,ANNOTATED
train,c3r1e2n11_jpg.rf.bce8a7b8de739af1a9afe8a610e50039.jpg,ANNOTATED
train,c3r1e2n12_jpg.rf.c125ab418128af4fb49760fb44d6857e.jpg,ANNOTATED
train,c3r1e2n13_jpg.rf.ac88f2b26b5bc6c5a3643360b9378e4e.jpg,ANNOTATED
train,c3r1e2n14_jpg.rf.8cef3d0723e10d7cea6e8d16cb13ca01.jpg,ANNOTATED
train,c3r1e2n15_jpg.rf.fca495bbc4d46a4885f6599247192e36.jpg,ANNOTATED
train,c3r1e2n16_jpg.rf.7de1dc734c00929225073abc3dcda24d.jpg,ANNOTATED
train,c3r1e2n17_jpg.rf.0d0636eff263abb0b1a2f8d3f6b7827d.jpg,ANNOTATED
train,c3r1e2n18_jpg.rf.f8055058c7c8dc8aa4deda90d6c15afd.jpg,ANNOTATED
train,c3r1e2n19_jpg.rf.bc0359b72e661317598def190cd8db1d.jpg,ANNOTATED
train,c3r1e2n20_jpg.rf.0ec0e38069007c65adb5a277b96f9b83.jpg,ANNOTATED
train,c3r1e2n21_jpg.rf.cc55e6a953640125a93053e288838919.jpg,ANNOTATED
train,c3r1e2n22_jpg.rf.8f0868146711b6347c1d0dee728e2486.jpg,ANNOTATED
train,c3r1e2n23_jpg.rf.251cf2152157695f42e855de89ab8916.jpg,ANNOTATED
train,c3r1e2n24_jpg.rf.6f5bfc5655ceb37299706a91128b0849.jpg,ANNOTATED
train,c3r1e2n25_jpg.rf.e44cfcbd94ffef0975e53637f9e9f327.jpg,ANNOTATED
train,c3r1e2n26_jpg.rf.b26e4001a9b763c3342edf63d001c1c2.jpg,ANNOTATED
train,c3r1e2n27_jpg.rf.e3458a4e05f0790b760dfc002e777ed2.jpg,ANNOTATED
train,c3r1e2n28_jpg.rf.01cdd57992b6fc38093658f47b2f218b.jpg,ANNOTATED
train,c3r1e2n29_jpg.rf.dcf71d64a1e044469cbbcbb4374fe8d3.jpg,ANNOTATED
train,c3r1e2n30_jpg.rf.d121c76b6f26a3cfbd9ee413eaa02d11.jpg,ANNOTATED
train,c3r1e2n31_jpg.rf.fa6e18a2bed298940a52c224d16550e9.jpg,ANNOTATED
train,c3r1e2n32_jpg.rf.242df0695eae70e37c271ba327390bb8.jpg,ANNOTATED
train,c3r1e2n33_jpg.rf.d91d1488c68d5338f0e3f456b98ff28e.jpg,ANNOTATED
train,c3r1e2n34_jpg.rf.086028cc0b2e1b23bcd716d70fdbda84.jpg,ANNOTATED
train,c3r1e2n35_jpg.rf.dbd9e3439a4dac4791379a97ddb1bc94.jpg,ANNOTATED
train,c3r1e2n36_jpg.rf.1c12cc8a33828dcf4d2da7aac70c33e8.jpg,ANNOTATED
train,c3r1e2n37_jpg.rf.7047c517147e303a9bd5114332c92445.jpg,ANNOTATED
train,c3r1e2n38_jpg.rf.ad7f331787c5ece2d8fc3e106a19db7a.jpg,ANNOTATED
train,c3r1e2n39_jpg.rf.6309fda603434b73531de6170d0e5f04.jpg,ANNOTATED
train,c3r1e2n40_jpg.rf.0ccacaeaedd96421503353bb81048104.jpg,ANNOTATED
train,c3r1e2n41_jpg.rf.a617deaf367391adfe46ecdcaa6a3be8.jpg,ANNOTATED
train,c3r1e2n42_jpg.rf.2a21cb6f3b9f59f29902153d23fc83ed.jpg,ANNOTATED
train,c3r1e2n43_jpg.rf.e652fdc520421f727a147a77a10c3566.jpg,ANNOTATED
train,c3r1e2n44_jpg.rf.9a97a8cd590b2cd2b3405625872a493d.jpg,ANNOTATED
train,c3r1e2n45_jpg.rf.1ca086d888ef163831a3ea879a6172cb.jpg,ANNOTATED
train,c3r1e2n46_jpg.rf.b5007611a6d929f3519256d4ed69ecd1.jpg,ANNOTATED
train,c3r1e2n47_jpg.rf.4d08650a6f5e19b49ae6420060f5aec2.jpg,ANNOTATED
train,c3r1e2n48_jpg.rf.05ec34bc0293188ee74c6d9e9b5ed921.jpg,ANNOTATED
train,c3r1e2n49_jpg.rf.6c2af7f12a61c02d08f895b18e34821a.jpg,ANNOTATED
train,c3r1e2n50_jpg.rf.5cb5c39790410a47c19f6617b4cd88a3.jpg,ANNOTATED
train,c3r1e3n11_jpg.rf.1179d5b272dfe36ca0901c19c975741e.jpg,ANNOTATED
train,c3r1e3n12_jpg.rf.98785e66200013d8257e61127b2a12cf.jpg,ANNOTATED
train,c3r1e3n13_jpg.rf.0298aae4b79c2d85d3eb98932d1d87b7.jpg,ANNOTATED
train,c3r1e3n14_jpg.rf.f2efc92ce70269fd05c8d8a99a92297f.jpg,ANNOTATED
train,c3r1e3n15_jpg.rf.3a6ff509e82b08d8dca89bb4e15cfd41.jpg,ANNOTATED
train,c3r1e3n16_jpg.rf.200e1d4f4ad126e56a3116a5826c7596.jpg,ANNOTATED
train,c3r1e3n17_jpg.rf.07a9ec04ed25a32498160a4018bad646.jpg,ANNOTATED
train,c3r1e3n18_jpg.rf.8896d87d21a03669443c7381d788d0f4.jpg,ANNOTATED
train,c3r1e3n19_jpg.rf.ce67dfbe5430c8e8ebca6e3eb4d8b879.jpg,ANNOTATED
train,c3r1e3n20_jpg.rf.029064098849786acf123a0e7e9ce755.jpg,ANNOTATED
train,c3r1e3n21_jpg.rf.ca93200a2cf391c14f37fd7f54eee04b.jpg,ANNOTATED
train,c3r1e3n22_jpg.rf.8c414e211d0bc2be7e04299cadb891ce.jpg,ANNOTATED
train,c3r1e3n23_jpg.rf.1be7edcabf0fb54aa0f578fb33c8535c.jpg,ANNOTATED
train,c3r1e3n24_jpg.rf.bdaba7ca294b37e57ff0f405f056cd3f.jpg,ANNOTATED
train,c3r1e3n25_jpg.rf.6bf9a4fa12e2906434ad62b4ee9f228d.jpg,ANNOTATED
train,c3r1e3n26_jpg.rf.47456a5252b69ab3d5dfbaf907473d6a.jpg,ANNOTATED
train,c3r1e3n27_jpg.rf.a1839da6ae03b1e074e958574d74bd71.jpg,ANNOTATED
train,c3r1e3n28_jpg.rf.771b8b2fc38ff1aa6c3cd706980714b2.jpg,ANNOTATED
train,c3r1e3n29_jpg.rf.46561af28e193295e9f221b5e3272ad5.jpg,ANNOTATED
train,c3r1e3n30_jpg.rf.551ba39ec8f380dd5c94a3b358cf9f8d.jpg,ANNOTATED
train,c3r1e3n31_jpg.rf.ed4e5620b25eafdd6a940608e1d7fe2c.jpg,ANNOTATED
train,c3r1e3n32_jpg.rf.7b77af6108f8e44affd08e863ac6811d.jpg,ANNOTATED
train,c3r1e3n33_jpg.rf.ba1c7625aa861b19f7de361233bf5e7c.jpg,ANNOTATED
train,c3r1e3n34_jpg.rf.149554fe616ddea2f9092397520e21fb.jpg,ANNOTATED
train,c3r1e3n35_jpg.rf.c1ec81867f822359376c28c55d4e90a1.jpg,ANNOTATED
train,c3r1e3n36_jpg.rf.3d8285196d83a7b9aabf907153d0ff76.jpg,ANNOTATED
train,c3r1e3n37_jpg.rf.91461d496b5ff2d131141dfb4d0e2df9.jpg,ANNOTATED
train,c3r1e3n38_jpg.rf.8f7e60f838c58f6fb5088630bf5ed450.jpg,ANNOTATED
train,c3r1e3n39_jpg.rf.5317e6d4465974f9b7d560746e9e659c.jpg,ANNOTATED
train,c3r1e3n40_jpg.rf.efda0538c2ae60ff82b76b970604ec31.jpg,ANNOTATED
train,c3r1e3n41_jpg.rf.d981c3a088618f28fc05ab35cd1786ae.jpg,ANNOTATED
train,c3r1e3n42_jpg.rf.db2430e452d8e4438e162eb873749d56.jpg,ANNOTATED
train,c3r1e3n43_jpg.rf.0165446a7f0ffac075516a0d74780151.jpg,ANNOTATED
train,c3r1e3n44_jpg.rf.52600eeb32e9c8f9e5a8f7225586acda.jpg,ANNOTATED
train,c3r1e3n45_jpg.rf.e9f77c8967c643ee4d163569fea9b4c4.jpg,ANNOTATED
train,c3r1e3n46_jpg.rf.fa140dfcf93d1f1d3582738dc0ee5c17.jpg,ANNOTATED
train,c3r1e3n47_jpg.rf.2937cdde95efa275ec92767bd2efcd98.jpg,ANNOTATED
train,c3r1e3n48_jpg.rf.04099e5ef04e1bb84efd7a68f0dd8750.jpg,ANNOTATED
train,c3r1e3n49_jpg.rf.9b6391adf962b9da5576cbc74d07b7d2.jpg,ANNOTATED
train,c3r1e3n50_jpg.rf.4ebc6950dc139faae9f2488ad39cdc21.jpg,ANNOTATED
train,c3r1e4n11_jpg.rf.67ae7a95d554cde4771196a7c20f7d73.jpg,ANNOTATED
train,c3r1e4n12_jpg.rf.e732ba5e99318c93c9e4a30f37d3ea0b.jpg,ANNOTATED
train,c3r1e4n13_jpg.rf.f910f5882644624a103f715021f16f57.jpg,ANNOTATED
train,c3r1e4n14_jpg.rf.a8ca1bf8e24c7215704a76b8ba4bb43f.jpg,ANNOTATED
train,c3r1e4n15_jpg.rf.e0f6766669676ec74cadcce2093776d5.jpg,ANNOTATED
train,c3r1e4n16_jpg.rf.0fb9b3c467562c40c0a6dbe38c1b09f2.jpg,ANNOTATED
train,c3r1e4n17_jpg.rf.a99cf2f9912bb64b16f86bd2263ce5e6.jpg,ANNOTATED
train,c3r1e4n18_jpg.rf.17080d0f1b7c3827709ff9233c392f86.jpg,ANNOTATED
train,c3r1e4n19_jpg.rf.3d177d2ef646da0625ce8095aaacef1a.jpg,ANNOTATED
train,c3r1e4n20_jpg.rf.93920e45f679faceda0206322bb16c8a.jpg,ANNOTATED
train,c3r1e4n21_jpg.rf.93d226047aa50696bfaa4bc76e00d773.jpg,ANNOTATED
train,c3r1e4n22_jpg.rf.e92f59356a7e8aa3345b39964dbe1170.jpg,ANNOTATED
train,c3r1e4n23_jpg.rf.a94284ef2ca3a7dcc64bddc3e1365fd0.jpg,ANNOTATED
train,c3r1e4n24_jpg.rf.fe2d8b58ce661e87d5a5de8a26fa1456.jpg,ANNOTATED
train,c3r1e4n25_jpg.rf.768a60ebdeb95734b3fbb9ed14e35e2a.jpg,ANNOTATED
train,c3r1e4n26_jpg.rf.1f7f6067a341d7d973aa1a1cc44b4f5c.jpg,ANNOTATED
train,c3r1e4n27_jpg.rf.1ea999331f13913506cebda478946f7c.jpg,ANNOTATED
train,c3r1e4n28_jpg.rf.5a42b16ab1588694241c44926d2fbd15.jpg,ANNOTATED
train,c3r1e4n29_jpg.rf.135c6f4679d87f853871f4f14924095f.jpg,ANNOTATED
train,c3r1e4n30_jpg.rf.c5d53e10c9f282d66f7fa8062f4754da.jpg,ANNOTATED
train,c3r1e4n31_jpg.rf.1440d5f9709e9ed00c4967775e2ffe51.jpg,ANNOTATED
train,c3r1e4n32_jpg.rf.207a41863b04582de14b6273e4624b1c.jpg,ANNOTATED
train,c3r1e4n33_jpg.rf.96fa489e4994dc0c2660dcccb02c08ba.jpg,ANNOTATED
train,c3r1e4n34_jpg.rf.76358741d0b75705b8eb8a9809ada7f7.jpg,ANNOTATED
train,c3r1e4n35_jpg.rf.ad797b7fe979e6c3d54e834fff818e2d.jpg,ANNOTATED
train,c3r1e4n36_jpg.rf.998a40a634706afa66abbec904e05b13.jpg,ANNOTATED
train,c3r1e4n37_jpg.rf.ed731ca80c6f55382cb49f5765a134d7.jpg,ANNOTATED
train,c3r1e4n38_jpg.rf.413db465f2092c0113ba56cf3b957006.jpg,ANNOTATED
train,c3r1e4n39_jpg.rf.1f62d8bbaf8277b0dcfd9a2a8fcb88f2.jpg,ANNOTATED
train,c3r1e4n40_jpg.rf.ffdb641a718d0e918aa42e9cca49740c.jpg,ANNOTATED
train,c3r1e4n41_jpg.rf.49dc8246c8226dd284c2808ca0f1d55f.jpg,ANNOTATED
train,c3r1e4n42_jpg.rf.dc3f4828cedc690b2218129331977869.jpg,ANNOTATED
train,c3r1e4n43_jpg.rf.b8ec6d283185c0db85c104ffe4f90881.jpg,ANNOTATED
train,c3r1e4n44_jpg.rf.c5aed5e83a48e4d26f8eacabd8cfb464.jpg,ANNOTATED
train,c3r1e4n45_jpg.rf.666b10be2e55d76d8a05ba1e1b33725d.jpg,ANNOTATED
train,c3r1e4n46_jpg.rf.4bb483cfaeb0f43fd2c163a1b86062ae.jpg,ANNOTATED
train,c3r1e4n47_jpg.rf.91f3063990cba6f8ac1a450659167c1b.jpg,ANNOTATED
train,c3r1e4n48_jpg.rf.55299899c36b30abb9c4b9a9fe45790b.jpg,ANNOTATED
train,c3r1e4n49_jpg.rf.9b06569d7c280c0462c72a7770d8f03a.jpg,ANNOTATED
train,c3r1e4n50_jpg.rf.5dcc6a112b116ac73f55ef7c1f204265.jpg,ANNOTATED
train,c3r3e0n10_jpg.rf.4afd02e996ac7f9dfff22f6baf36a186.jpg,EMPTY
train,c3r3e0n11_jpg.rf.a897a5e8c89484fdf417c6a338e295f4.jpg,EMPTY
train,c3r3e0n12_jpg.rf.eaf7dae6a50ec54637c325dd468a0cb5.jpg,EMPTY
train,c3r3e0n13_jpg.rf.9efa8a30b79bef13a616a90fb6c3278c.jpg,EMPTY
train,c3r3e0n14_jpg.rf.868feb2136b45591422fe58f67e26f0b.jpg,EMPTY
train,c3r3e0n15_jpg.rf.5acb898e50b8d1afd5c65a5ee6eea582.jpg,EMPTY
train,c3r3e0n16_jpg.rf.b62c5675e0f0350236f41ffe52a18368.jpg,EMPTY
train,c3r3e0n17_jpg.rf.a1c44d6b34039aac22b2ab55c58781c0.jpg,EMPTY
train,c3r3e0n18_jpg.rf.39f9ac6bbb97f27fb65f4ba17b438e82.jpg,EMPTY
train,c3r3e0n19_jpg.rf.f7adf5037bb23082c6f7a1c8ce9a31fe.jpg,EMPTY
train,c3r3e0n1_jpg.rf.c4f98b7b46924e3fedff9577064d3ef6.jpg,EMPTY
train,c3r3e0n20_jpg.rf.d440cdb5e8048347c46eefbeaa9bf393.jpg,EMPTY
train,c3r3e0n21_jpg.rf.61b23bf462f4a76313efb256f98b69b7.jpg,EMPTY
train,c3r3e0n22_jpg.rf.266e6678386ea4d793814df95a41f9fd.jpg,EMPTY
train,c3r3e0n23_jpg.rf.e94a4860adb624393c336e268cd18cff.jpg,EMPTY
train,c3r3e0n24_jpg.rf.67ce8aa10ba465fb1f6d6ef51ebb2364.jpg,EMPTY
train,c3r3e0n25_jpg.rf.03067a92c8b63c2981adde7042e93ac5.jpg,EMPTY
train,c3r3e0n26_jpg.rf.6a84cf71146b5389da8b6f006393be71.jpg,EMPTY
train,c3r3e0n27_jpg.rf.091b5ef0174c5378e691afd70c15c9c7.jpg,EMPTY
train,c3r3e0n28_jpg.rf.f35d34102629e7f4b3e421d96c2a9a79.jpg,EMPTY
train,c3r3e0n29_jpg.rf.b07c55759a0a62f962c3336212f48a18.jpg,EMPTY
train,c3r3e0n2_jpg.rf.669b744ef943fdf1663725465f8093cb.jpg,EMPTY
train,c3r3e0n30_jpg.rf.bf62101e5d542b9ca49f39caa930bcc8.jpg,EMPTY
train,c3r3e0n31_jpg.rf.385bb7dbeb51ba1fef77fc49274e2c3c.jpg,EMPTY
train,c3r3e0n32_jpg.rf.4817b8ef0b238cd0eef91c92d699c9e3.jpg,EMPTY
train,c3r3e0n33_jpg.rf.0f69eabf5e2cda87315905407f4f0f05.jpg,EMPTY
train,c3r3e0n34_jpg.rf.eb10979f0d30cffe7939524f715b7383.jpg,EMPTY
train,c3r3e0n35_jpg.rf.b3cc44d57c33ba8de82ef0df3ac570ca.jpg,EMPTY
train,c3r3e0n36_jpg.rf.e4b6fadcb45dc7e29060731cf2c2c832.jpg,EMPTY
train,c3r3e0n37_jpg.rf.9dc2c072c68acc29d772c84c4ff55d57.jpg,EMPTY
train,c3r3e0n38_jpg.rf.3b23048806a03f3b813f203c750c4f66.jpg,EMPTY
train,c3r3e0n39_jpg.rf.951a1d2f339e9adc0283f94ee1099c1e.jpg,EMPTY
train,c3r3e0n3_jpg.rf.62f94b366fd9f4a718d072c2abfb0b3f.jpg,EMPTY
train,c3r3e0n40_jpg.rf.112ee15bc0cf0b96b24b02fe658b8b67.jpg,EMPTY
train,c3r3e0n4_jpg.rf.a9ef2eba488833124d0ce4263634660b.jpg,EMPTY
train,c3r3e0n5_jpg.rf.38a95d42f3f18079f2dc1a241597f16a.jpg,EMPTY
train,c3r3e0n6_jpg.rf.a2ea491ab41db9a4b56b364c911b2fa8.jpg,EMPTY
train,c3r3e0n7_jpg.rf.865acad8361aa7aa96c1d1330be820fb.jpg,EMPTY
train,c3r3e0n8_jpg.rf.359e0bfa40360b37e9877a7913cc8b77.jpg,EMPTY
train,c3r3e0n9_jpg.rf.fc5d79593c234b2bd8f957bcb8483765.jpg,EMPTY
train,c3r3e1n10_jpg.rf.19e7f516edb3824c47de484c74535d5a.jpg,ANNOTATED
train,c3r3e1n11_jpg.rf.c8335a97fffc2340766e49fae5b25c13.jpg,ANNOTATED
train,c3r3e1n12_jpg.rf.fb9adf02daffe9d7355d166bab77e945.jpg,ANNOTATED
train,c3r3e1n13_jpg.rf.2260d9e5848b7e7b5a3de1d852b6bfd5.jpg,ANNOTATED
train,c3r3e1n14_jpg.rf.1c8ac919d1821937ade0b05dbad98522.jpg,ANNOTATED
train,c3r3e1n15_jpg.rf.02b9ce5d7b0923cc4bf63ec08849b9be.jpg,ANNOTATED
train,c3r3e1n16_jpg.rf.674a92b544e4b8444adb400fc0544153.jpg,ANNOTATED
train,c3r3e1n17_jpg.rf.146422e345b59eb703a3bf3b234f89fd.jpg,ANNOTATED
train,c3r3e1n18_jpg.rf.e0f9d8597614db223e6e1fc4ad1851ef.jpg,ANNOTATED
train,c3r3e1n19_jpg.rf.8bb95a6e3efb057832688d1c5edc0ac3.jpg,ANNOTATED
train,c3r3e1n1_jpg.rf.8ba15d20d58febee6dc2f21e51763dc0.jpg,ANNOTATED
train,c3r3e1n20_jpg.rf.336ff2c738064e29443e98617f9a1e3e.jpg,ANNOTATED
train,c3r3e1n21_jpg.rf.23f4973aa5c0832b48e87cb14e57a51d.jpg,ANNOTATED
train,c3r3e1n22_jpg.rf.a995a2cb4a21397dc1a6f9c89337e60d.jpg,ANNOTATED
train,c3r3e1n23_jpg.rf.69dafa28caaeb0f6bb3b1445502b0c3e.jpg,ANNOTATED
train,c3r3e1n24_jpg.rf.1be2536daa3b7e86059aed6943ec53e8.jpg,ANNOTATED
train,c3r3e1n25_jpg.rf.0fb109fdc8a9b79d120c79d21b963068.jpg,ANNOTATED
train,c3r3e1n26_jpg.rf.c5f678d52ae4d12ae63fb6e1da2d9dcb.jpg,ANNOTATED
train,c3r3e1n27_jpg.rf.d34d0205723b3705a31dd08f0b2f98fe.jpg,ANNOTATED
train,c3r3e1n28_jpg.rf.9f3e5cafdd48d0d1922dc7d02b904d37.jpg,ANNOTATED
train,c3r3e1n29_jpg.rf.fefd8ed61f1ce546e78a8a5c37cff91b.jpg,ANNOTATED
train,c3r3e1n2_jpg.rf.b415743d5b2b80cd11175d45eebc2475.jpg,ANNOTATED
train,c3r3e1n30_jpg.rf.8379b9fe478be84dbe61ab22abeb5ac1.jpg,ANNOTATED
train,c3r3e1n31_jpg.rf.4ad77092cc6fc4f674ab8107bc5a0ab4.jpg,ANNOTATED
train,c3r3e1n32_jpg.rf.ac4a43bb8527cd3ef3ec34ec23444e65.jpg,ANNOTATED
train,c3r3e1n33_jpg.rf.666cd1414843ecc94b7710c3a38c83b1.jpg,ANNOTATED
train,c3r3e1n34_jpg.rf.c35128481de89fcb739d2f887aa522ca.jpg,ANNOTATED
train,c3r3e1n35_jpg.rf.403c9caec8e9e54c832b2d11c74af295.jpg,ANNOTATED
train,c3r3e1n36_jpg.rf.78f7225a5ddba55970efe8888cb3f893.jpg,ANNOTATED
train,c3r3e1n37_jpg.rf.0ab810115dc7b687f202b6d2c065e336.jpg,ANNOTATED
train,c3r3e1n38_jpg.rf.0aed3a3169f45166c2a0b607a3d261bc.jpg,ANNOTATED
train,c3r3e1n39_jpg.rf.ace962897324d245e326aa2202feb4df.jpg,ANNOTATED
train,c3r3e1n3_jpg.rf.7f25332c6c9bb184219b22b116bc59c0.jpg,ANNOTATED
train,c3r3e1n40_jpg.rf.aa56a153ac19954386a3ccd8bef5dfb9.jpg,ANNOTATED
train,c3r3e1n4_jpg.rf.d91878abac6300e307932d93c9eeebd0.jpg,ANNOTATED
train,c3r3e1n5_jpg.rf.c336735844954edc81c6941b93ef3dc7.jpg,ANNOTATED
train,c3r3e1n6_jpg.rf.7a73fa36f1821221483c5f74f39ac498.jpg,ANNOTATED
train,c3r3e1n7_jpg.rf.26dfa75240b7912b8b208d0f0ce3279a.jpg,ANNOTATED
train,c3r3e1n8_jpg.rf.ef3b56fdb77192412cb863ee1a888589.jpg,ANNOTATED
train,c3r3e1n9_jpg.rf.8b12230f8a5beaa586b601f03e500c21.jpg,ANNOTATED
train,c3r3e2n10_jpg.rf.1c113c0cd9084d7c62adacafcd4042a4.jpg,ANNOTATED
train,c3r3e2n11_jpg.rf.64f97d5482337fa8d2b31600957bf0f0.jpg,ANNOTATED
train,c3r3e2n12_jpg.rf.be55a530ce1dc555cae632798b5b9d1a.jpg,ANNOTATED
train,c3r3e2n13_jpg.rf.f6f14ce2dcb0fbc7baee6db02bd68cca.jpg,ANNOTATED
train,c3r3e2n14_jpg.rf.6301875d0d62890ca91ee9bf5ddcb1a1.jpg,ANNOTATED
train,c3r3e2n15_jpg.rf.c7cc5078fedaacb4592f0ac41b0cfcc2.jpg,ANNOTATED
train,c3r3e2n16_jpg.rf.8042d08b9491cc9beee2e965414a4cf5.jpg,ANNOTATED
train,c3r3e2n17_jpg.rf.548a8050a3bf19bbe469f1dba1642b11.jpg,ANNOTATED
train,c3r3e2n18_jpg.rf.b6efda468fe58b3a168022701c9e65cb.jpg,ANNOTATED
train,c3r3e2n19_jpg.rf.a9acbc939ae03d2a8ddf64825f1c01b5.jpg,ANNOTATED
train,c3r3e2n1_jpg.rf.5a0d9fa481ebd615fcd4369986a7e570.jpg,ANNOTATED
train,c3r3e2n20_jpg.rf.55e3e72a381429260d64a5192c439685.jpg,ANNOTATED
train,c3r3e2n21_jpg.rf.e4615ecc8b74dec7baa5bf1bc3beea1c.jpg,ANNOTATED
train,c3r3e2n22_jpg.rf.f24a8a1a4f30ed59965ffab9197a8a35.jpg,ANNOTATED
train,c3r3e2n23_jpg.rf.5bca9f64932d4c5af5b492715e61d6a6.jpg,ANNOTATED
train,c3r3e2n24_jpg.rf.23ce51df075f39ecb5b06336c6c9b4a1.jpg,ANNOTATED
train,c3r3e2n25_jpg.rf.059553314036fd48ea7d8da903978198.jpg,ANNOTATED
train,c3r3e2n26_jpg.rf.6d5d60b85321956b65c635695abc8bff.jpg,ANNOTATED
train,c3r3e2n27_jpg.rf.f50410eeafff7667bc0cc64c82e54fb7.jpg,ANNOTATED
train,c3r3e2n28_jpg.rf.05f1d6063ba2c6e544f1852e2728480a.jpg,ANNOTATED
train,c3r3e2n29_jpg.rf.0ed2f2acf0438858ed6ba4b8e2cafba2.jpg,ANNOTATED
train,c3r3e2n2_jpg.rf.84ae91138254d4eed79162d7cb72efa7.jpg,ANNOTATED
train,c3r3e2n30_jpg.rf.c248e8404c669261de5fb77e2eec2e61.jpg,ANNOTATED
train,c3r3e2n31_jpg.rf.fd981994919869c72cf5df6667388a99.jpg,ANNOTATED
train,c3r3e2n32_jpg.rf.07b9e0da0fbd64ddfbbb7d23abc4fb7c.jpg,ANNOTATED
train,c3r3e2n33_jpg.rf.b32f12251d3f143c17e0156c72c1bac8.jpg,ANNOTATED
train,c3r3e2n34_jpg.rf.9299458c5b2a3f4c9f57165a484d7df9.jpg,ANNOTATED
train,c3r3e2n35_jpg.rf.3b9e09290a449f43c9357fba73975044.jpg,ANNOTATED
train,c3r3e2n36_jpg.rf.31de61fc0a1aabfdb5c57545a8528769.jpg,ANNOTATED
train,c3r3e2n37_jpg.rf.e2b5cee16ae67ad553b08fd9ddb661ed.jpg,ANNOTATED
train,c3r3e2n38_jpg.rf.d37bed0567132ea1f6d19ef472892cc8.jpg,ANNOTATED
train,c3r3e2n39_jpg.rf.a6b174a20eb4d5e6874235c3162a3c3e.jpg,ANNOTATED
train,c3r3e2n3_jpg.rf.9d21f5a95cde15f3e506f212affb05a2.jpg,ANNOTATED
train,c3r3e2n40_jpg.rf.452d6beb9c914c26f4069fabb456d4bc.jpg,ANNOTATED
train,c3r3e2n4_jpg.rf.49df4ac18b2aa958a5d5302026a73293.jpg,ANNOTATED
train,c3r3e2n5_jpg.rf.afd7d72446ff68f62b3c939a9b92b6e7.jpg,ANNOTATED
train,c3r3e2n6_jpg.rf.773d906a56ce040dc4540cbdf066097b.jpg,ANNOTATED
train,c3r3e2n7_jpg.rf.64a8185b392e36b8912df79ec9e3d4d2.jpg,ANNOTATED
train,c3r3e2n8_jpg.rf.ca089ece42147461bf2adad09515c212.jpg,ANNOTATED
train,c3r3e2n9_jpg.rf.493b3d1bc5a164e710302f04cd1b9f99.jpg,ANNOTATED
train,c3r3e3n10_jpg.rf.550f2ee93fd5a08fb88ea750078db90f.jpg,ANNOTATED
train,c3r3e3n11_jpg.rf.966da4994c46e47f2b375f686cdf3a7d.jpg,ANNOTATED
train,c3r3e3n12_jpg.rf.d587e9a12bd963f36083197f7713628d.jpg,ANNOTATED
train,c3r3e3n13_jpg.rf.e912bfb4e92c311a209c34280f8af455.jpg,ANNOTATED
train,c3r3e3n14_jpg.rf.27055027b9e730d7824a85894d0af204.jpg,ANNOTATED
train,c3r3e3n15_jpg.rf.56a81f3a527d4b2193ecbfb0b44eb3c4.jpg,ANNOTATED
train,c3r3e3n16_jpg.rf.f46be77ae6201693efc96884e67870aa.jpg,ANNOTATED
train,c3r3e3n17_jpg.rf.2c1268f827c39c20b23470ef0a4ccc41.jpg,ANNOTATED
train,c3r3e3n18_jpg.rf.b7be1a5923e8096a7f8b67f3618ee5bc.jpg,ANNOTATED
train,c3r3e3n19_jpg.rf.b4a4e63c26742dcbe9f232090a15f898.jpg,ANNOTATED
train,c3r3e3n1_jpg.rf.338c1b9162f6f78da3d9b4d995b680f6.jpg,ANNOTATED
train,c3r3e3n20_jpg.rf.1a3e17908d9867fad2888d432ad6058e.jpg,ANNOTATED
train,c3r3e3n21_jpg.rf.25e121658edcd300bed6eecd744be971.jpg,ANNOTATED
train,c3r3e3n22_jpg.rf.e1d6286a801cec8acdf3ae17ee2be5bb.jpg,ANNOTATED
train,c3r3e3n23_jpg.rf.5d00c2241768c89e0cbf83f3f0e17c4a.jpg,ANNOTATED
train,c3r3e3n24_jpg.rf.c6aa35475e28974b80caa10d3b2c9042.jpg,ANNOTATED
train,c3r3e3n25_jpg.rf.29d3560a8b49ba39f9f6a733a0b46e8f.jpg,ANNOTATED
train,c3r3e3n26_jpg.rf.4818eac449fd2b8b38314aaa73597a4b.jpg,ANNOTATED
train,c3r3e3n27_jpg.rf.a5833c54137d21af289a58d94a472ae5.jpg,ANNOTATED
train,c3r3e3n28_jpg.rf.e3ff4b05ef15b208be5a2a0af5324f90.jpg,ANNOTATED
train,c3r3e3n29_jpg.rf.fe01bfe049df7c4bd49165d67a4da2f2.jpg,ANNOTATED
train,c3r3e3n2_jpg.rf.819d8a9d310df7df75ac16b646536acd.jpg,ANNOTATED
train,c3r3e3n30_jpg.rf.f5a3119881d4841bda85a2a728eda07d.jpg,ANNOTATED
train,c3r3e3n31_jpg.rf.52f0c4ed064c3f39193c927552500038.jpg,ANNOTATED
train,c3r3e3n32_jpg.rf.aec993b22ac0af9f800bfdbb8d32e648.jpg,ANNOTATED
train,c3r3e3n33_jpg.rf.a581aa0b775666bffc195a9b3dcbec53.jpg,ANNOTATED
train,c3r3e3n34_jpg.rf.4d4ef81c12d549eef0d6fba4db746d5d.jpg,ANNOTATED
train,c3r3e3n35_jpg.rf.e2b7d09fd0d508d663edc5809d026799.jpg,ANNOTATED
train,c3r3e3n36_jpg.rf.be9c053745c3e14a30651fafb19b2075.jpg,ANNOTATED
train,c3r3e3n37_jpg.rf.0328cbe0155c98e6dccbd77f1db08c73.jpg,ANNOTATED
train,c3r3e3n38_jpg.rf.d959b7e3e5e0e66e80970c5af67bcae3.jpg,ANNOTATED
train,c3r3e3n39_jpg.rf.bd638839ad5aa78398e857d134d68b02.jpg,ANNOTATED
train,c3r3e3n3_jpg.rf.69fa5c65e945354af81fc7db14b0bc13.jpg,ANNOTATED
train,c3r3e3n40_jpg.rf.373b3c2e8c76dd1e18eef3e618352cad.jpg,ANNOTATED
train,c3r3e3n4_jpg.rf.3caaebd2c374ab25ef5c69d7b4f60ca8.jpg,ANNOTATED
train,c3r3e3n5_jpg.rf.bb0bd13ba5c3cd411608ff99b770d256.jpg,ANNOTATED
train,c3r3e3n6_jpg.rf.acf119e2daaf577205079c6b79a47393.jpg,ANNOTATED
train,c3r3e3n7_jpg.rf.5b0c311d8fa8d888fa49c42855aa6b53.jpg,ANNOTATED
train,c3r3e3n8_jpg.rf.8354339dd66ebcd26c1624ba7b2d2d51.jpg,ANNOTATED
train,c3r3e3n9_jpg.rf.e1ad42038a162e1ac86c14fd8c4af5f5.jpg,ANNOTATED
train,c3r3e4n10_jpg.rf.07c0c341b898a7a764d0085e9e8eb8fa.jpg,ANNOTATED
train,c3r3e4n11_jpg.rf.dc75f593ee9cc6aec676ea0be546c02e.jpg,ANNOTATED
train,c3r3e4n12_jpg.rf.e7bfcf2e3e5e0a73ccffd9a4e8191106.jpg,ANNOTATED
train,c3r3e4n13_jpg.rf.14abd9e906ceeecebd4265559c494941.jpg,ANNOTATED
train,c3r3e4n14_jpg.rf.884bd98cc84ecc20d72f13b2adbb40a8.jpg,ANNOTATED
train,c3r3e4n15_jpg.rf.ecc5c98a2f6e15c878c6397fbb39908b.jpg,ANNOTATED
train,c3r3e4n16_jpg.rf.3836b2cae9c935ba34f94f8ce7d02672.jpg,ANNOTATED
train,c3r3e4n17_jpg.rf.7d750c32bbc77f669e798ed0d20efb08.jpg,ANNOTATED
train,c3r3e4n18_jpg.rf.36860c2cf628f6c8fcd3655a3a696539.jpg,ANNOTATED
train,c3r3e4n19_jpg.rf.9e23aaf81cf0d226583ed8efbafdf8c5.jpg,ANNOTATED
train,c3r3e4n1_jpg.rf.2fdf3874345930a0f783bdb3b71f98cb.jpg,ANNOTATED
train,c3r3e4n20_jpg.rf.fa880338481b33efbd5f305aebaa897b.jpg,ANNOTATED
train,c3r3e4n21_jpg.rf.a1d42bca3ed1c81ae64af742d2e7ae87.jpg,ANNOTATED
train,c3r3e4n22_jpg.rf.c0d87f1ebd62b3465010cee0dfe190b2.jpg,ANNOTATED
train,c3r3e4n23_jpg.rf.c70f8486fc4044046e4ef533ecd564a3.jpg,ANNOTATED
train,c3r3e4n24_jpg.rf.0e09eb9fb11a559561951e0a565ca35c.jpg,ANNOTATED
train,c3r3e4n25_jpg.rf.6e80863965de526415ea04517253ee16.jpg,ANNOTATED
train,c3r3e4n26_jpg.rf.68483e9463673310cd6afab022270f79.jpg,ANNOTATED
train,c3r3e4n27_jpg.rf.88cfe9223c6f40d9597463963f2c152f.jpg,ANNOTATED
train,c3r3e4n28_jpg.rf.8484e95013b74308c31cafb08b5b8155.jpg,ANNOTATED
train,c3r3e4n29_jpg.rf.8a702f431574f672aca027a115096d4e.jpg,ANNOTATED
train,c3r3e4n2_jpg.rf.3df444472d561a2bf2254fb04a3bfabf.jpg,ANNOTATED
train,c3r3e4n30_jpg.rf.fd07563c0cdf116a26dd53681b09b851.jpg,ANNOTATED
train,c3r3e4n31_jpg.rf.e04777491412661b5f05ffffb2c0e653.jpg,ANNOTATED
train,c3r3e4n32_jpg.rf.834b30e934e35d0316aeed2241d8cac6.jpg,ANNOTATED
train,c3r3e4n33_jpg.rf.ba0b13efab640897a6c1dd44731c19ca.jpg,ANNOTATED
train,c3r3e4n34_jpg.rf.c8de6d8f796de6d79b2447930698a3e8.jpg,ANNOTATED
train,c3r3e4n35_jpg.rf.9437a04438a5ec4494518722d1d4a70a.jpg,ANNOTATED
train,c3r3e4n36_jpg.rf.895a8a766427375af14f0b92f9877b3e.jpg,ANNOTATED
train,c3r3e4n37_jpg.rf.8cec7929809a6b30a165634e538a9ff6.jpg,ANNOTATED
train,c3r3e4n38_jpg.rf.9a2b834a3f499ba52fd0f1fdd22befa6.jpg,ANNOTATED
train,c3r3e4n39_jpg.rf.4d4f5a73ac183bf049ddfcce0a9a64a7.jpg,ANNOTATED
train,c3r3e4n3_jpg.rf.e7de9a703b6dd7768f1da92a8e862d18.jpg,ANNOTATED
train,c3r3e4n40_jpg.rf.c14545e21201375e19ac59ce1dae1694.jpg,ANNOTATED
train,c3r3e4n4_jpg.rf.45a8345cada09889dbffef2908306ca9.jpg,ANNOTATED
train,c3r3e4n5_jpg.rf.433fa26094c9bbef095a86cc6a98d22c.jpg,ANNOTATED
train,c3r3e4n6_jpg.rf.6bab07bcf3d177f9893ba41f74b22186.jpg,ANNOTATED
train,c3r3e4n7_jpg.rf.69bfaba9e258542961dd0d17bb9e0fe6.jpg,ANNOTATED
train,c3r3e4n8_jpg.rf.6e6b1924aa46a9b02c6c5e195b9df27b.jpg,ANNOTATED
train,c3r3e4n9_jpg.rf.ca10c5f8aeca335249bf41f9c44ddd9e.jpg,ANNOTATED
valid,c3r1e0n10_jpg.rf.88cd8e264437fa9363b8d3d91bda6abe.jpg,EMPTY
valid,c3r1e0n6_jpg.rf.ab623364e584a3e7df807c94dead71e9.jpg,EMPTY
valid,c3r1e0n7_jpg.rf.535cc02b0c85502ddb6dab7d4bc39aec.jpg,EMPTY
valid,c3r1e0n8_jpg.rf.e6cb62d02fd168f9a90bc65d8820c923.jpg,EMPTY
valid,c3r1e0n9_jpg.rf.b3a94b2c9e0c130ba6aff361f0e27fc8.jpg,EMPTY
valid,c3r1e1n10_jpg.rf.cbd48916cfdb9712cba00bb28510f50c.jpg,ANNOTATED
valid,c3r1e1n6_jpg.rf.f04516c595d3a829801a3c9fc7a9622c.jpg,ANNOTATED
valid,c3r1e1n7_jpg.rf.c1077f40cf6583fcf43d17bb87d872e8.jpg,ANNOTATED
valid,c3r1e1n8_jpg.rf.766a1f3114c9b2af92912f10217c0874.jpg,ANNOTATED
valid,c3r1e1n9_jpg.rf.a9ba2455c895faa9c58bd0ef5050d08d.jpg,ANNOTATED
valid,c3r1e2n10_jpg.rf.8b81fdc0395b5a49a82a3f1fbb2b19f9.jpg,ANNOTATED
valid,c3r1e2n6_jpg.rf.1e2ba126930113de7cf0fa9ca94250b8.jpg,ANNOTATED
valid,c3r1e2n7_jpg.rf.7fbefc4d96dfb02fe2ee19c56741f0d5.jpg,ANNOTATED
valid,c3r1e2n8_jpg.rf.dc222ee741c7d3f8f50ac10463a07440.jpg,ANNOTATED
valid,c3r1e2n9_jpg.rf.4c9f67f43b201b52a03ed52d66e2ea84.jpg,ANNOTATED
valid,c3r1e3n10_jpg.rf.e42149231bce181716d3d37d1df5822f.jpg,ANNOTATED
valid,c3r1e3n6_jpg.rf.3c9d2913c84b3a95056c03d371a4117b.jpg,ANNOTATED
valid,c3r1e3n7_jpg.rf.8cbdf986d135e780fdcf60369febf7e9.jpg,ANNOTATED
valid,c3r1e3n8_jpg.rf.a3e0fcf300c1885a6e214271303a99f3.jpg,ANNOTATED
valid,c3r1e3n9_jpg.rf.7bbf0e5e6874228050797b4400ad2f48.jpg,ANNOTATED
valid,c3r1e4n10_jpg.rf.4ef16d2b4cea0d632fd7bed294cc991e.jpg,ANNOTATED
valid,c3r1e4n6_jpg.rf.d12530a37baaa95c37f777c26eb7a495.jpg,ANNOTATED
valid,c3r1e4n7_jpg.rf.2c15835df1ee2d86a6b28b32c1ec6c72.jpg,ANNOTATED
valid,c3r1e4n8_jpg.rf.d6cdb80ed5d792545434ee53bf373334.jpg,ANNOTATED
valid,c3r1e4n9_jpg.rf.1546232aaabdd5903097e8bb22fdfe7c.jpg,ANNOTATED
valid,c3r3e0n46_jpg.rf.55a80857fb914799bd480c360e9b88e3.jpg,EMPTY
valid,c3r3e0n47_jpg.rf.63e90b125b533b7fb44bdc35e86d9950.jpg,EMPTY
valid,c3r3e0n48_jpg.rf.1d378cd5ab560433ff3bb094a3c8b3bd.jpg,EMPTY
valid,c3r3e0n49_jpg.rf.a46cab18c700bb679e71546a0eb54874.jpg,EMPTY
valid,c3r3e0n50_jpg.rf.3394a200c5b9c1e76811a8d8f07e4093.jpg,EMPTY
valid,c3r3e1n46_jpg.rf.b1284243604623525be1b4e8cd8e1c9e.jpg,ANNOTATED
valid,c3r3e1n47_jpg.rf.af210e194c5aedd410eab0d6ed3d6d87.jpg,ANNOTATED
valid,c3r3e1n48_jpg.rf.9662d0a156040a0aad3ca16da60e2a9e.jpg,ANNOTATED
valid,c3r3e1n49_jpg.rf.3b504225dc10fa0f3fa210cddfbf4d81.jpg,ANNOTATED
valid,c3r3e1n50_jpg.rf.934bb26f3fa0921a83f28565dcbe0c6e.jpg,ANNOTATED
valid,c3r3e2n46_jpg.rf.7c8f775f5b7406ddf5bfbb7f69cd92c7.jpg,ANNOTATED
valid,c3r3e2n47_jpg.rf.d8cbf14edd4e0dfb6620b79e2193dd0f.jpg,ANNOTATED
valid,c3r3e2n48_jpg.rf.e285ab86767f3f85f60be2ef06f4dd0f.jpg,ANNOTATED
valid,c3r3e2n49_jpg.rf.a22c29c94172e4ddc1ea0f4edd08ea4c.jpg,ANNOTATED
valid,c3r3e2n50_jpg.rf.6b464aa74f500866694384a2a400e861.jpg,ANNOTATED
valid,c3r3e3n46_jpg.rf.f8dbfe201cdd59314b0ce86f3cc6fba9.jpg,ANNOTATED
valid,c3r3e3n47_jpg.rf.eabbbbf38a4f9ff73b7cfc0e46506aa1.jpg,ANNOTATED
valid,c3r3e3n48_jpg.rf.4c36581c4d5322906ebbbdd9fe72034f.jpg,ANNOTATED
valid,c3r3e3n49_jpg.rf.d1c892f60585043e0cb9fd9d7e405d20.jpg,ANNOTATED
valid,c3r3e3n50_jpg.rf.ac129271322dd1902992400416e38380.jpg,ANNOTATED
valid,c3r3e4n46_jpg.rf.8a5d8903b922de355002d6fcad8ebcd1.jpg,ANNOTATED
valid,c3r3e4n47_jpg.rf.093ab9b6e1a95b2741c614fdf4809852.jpg,ANNOTATED
valid,c3r3e4n48_jpg.rf.996e4947b7b1d6dba3ec5e8a27f40435.jpg,ANNOTATED
valid,c3r3e4n49_jpg.rf.191b4e35fcab2314405db27016d25495.jpg,ANNOTATED
valid,c3r3e4n50_jpg.rf.52dc1993e0b68f1d340a1e6565d2be5a.jpg,ANNOTATED
test,c3r1e0n1_jpg.rf.ce01046d253af48a0496540469f34d4f.jpg,EMPTY
test,c3r1e0n2_jpg.rf.bdcd37376840d47b016e70a0e65948a3.jpg,EMPTY
test,c3r1e0n3_jpg.rf.6d407fbd375650c6ade9a7f84cd85904.jpg,EMPTY
test,c3r1e0n4_jpg.rf.a3b2bd1f02e4abd9f5b098dd6f53dc5e.jpg,EMPTY
test,c3r1e0n5_jpg.rf.30709f433544143d645637b97c29e266.jpg,EMPTY
test,c3r1e1n1_jpg.rf.498c25e16652009a75de8f92bc3a0437.jpg,ANNOTATED
test,c3r1e1n2_jpg.rf.fbadc02244ecdec479fd1aaf14534caf.jpg,ANNOTATED
test,c3r1e1n3_jpg.rf.c05b3a2e7b8181e84a4c4d680218257d.jpg,ANNOTATED
test,c3r1e1n4_jpg.rf.ac981c959990c1d910227ce24baa1d46.jpg,ANNOTATED
test,c3r1e1n5_jpg.rf.e040bc3572c548f09bf4181e502d1f19.jpg,ANNOTATED
test,c3r1e2n1_jpg.rf.9ae0c1ed203a1e54700cf951891edc92.jpg,ANNOTATED
test,c3r1e2n2_jpg.rf.095a61c01e6a0cc80cd32fa6873e95c8.jpg,ANNOTATED
test,c3r1e2n3_jpg.rf.7f970fb1eb7b54bde239395a4bb8673b.jpg,ANNOTATED
test,c3r1e2n4_jpg.rf.57f77c323b07b89590238b20c39b2532.jpg,ANNOTATED
test,c3r1e2n5_jpg.rf.adac59bee8bae661a9f55b1d6afd0b08.jpg,ANNOTATED
test,c3r1e3n1_jpg.rf.31dcbce196b028f47b335bb359a3a7e7.jpg,ANNOTATED
test,c3r1e3n2_jpg.rf.cd8419a3d38db94735f859995b4484a4.jpg,ANNOTATED
test,c3r1e3n3_jpg.rf.8435e48e0e2455e3a4d862bd22df6f50.jpg,ANNOTATED
test,c3r1e3n4_jpg.rf.09e2afa2b8e4ead55bf19d5c32926013.jpg,ANNOTATED
test,c3r1e3n5_jpg.rf.6cf5430f07e29d94af0e19aaec226e11.jpg,ANNOTATED
test,c3r1e4n1_jpg.rf.eb8bed4f8a32794520a4ba633340ea9e.jpg,ANNOTATED
test,c3r1e4n2_jpg.rf.baae492f1202df03cedcc8589f01978a.jpg,ANNOTATED
test,c3r1e4n3_jpg.rf.b31f2a1074caf8aac1f945cc2e2c44f0.jpg,ANNOTATED
test,c3r1e4n4_jpg.rf.a55443469e2989ee31ae0d79f4842790.jpg,ANNOTATED
test,c3r1e4n5_jpg.rf.6d5a398e9b2525b3ab58bf41d99a109a.jpg,ANNOTATED
test,c3r3e0n41_jpg.rf.cbdd7236c55155a9f45da36afe4903d2.jpg,EMPTY
test,c3r3e0n42_jpg.rf.ee7cb300dc4965e2370fbf8a6418874f.jpg,EMPTY
test,c3r3e0n43_jpg.rf.18d5fb7c60d5466ccc4a9545ba9c8acd.jpg,EMPTY
test,c3r3e0n44_jpg.rf.2fa31bcb75e5ca9241ffb3a886f4853b.jpg,EMPTY
test,c3r3e0n45_jpg.rf.1c6c1afa56dcf47b1dc58feb5731fa0c.jpg,EMPTY
test,c3r3e1n41_jpg.rf.9a03fc475897a80e62dbf3d59bea6ac1.jpg,ANNOTATED
test,c3r3e1n42_jpg.rf.4945f6aee636b33ff405c93b44d98275.jpg,ANNOTATED
test,c3r3e1n43_jpg.rf.57ff6b96d02bf44368191cfa02b9871c.jpg,ANNOTATED
test,c3r3e1n44_jpg.rf.8d1a9abf2b99a4cc784b249b5043fa36.jpg,ANNOTATED
test,c3r3e1n45_jpg.rf.159cce52eeaa07be85b5e10b06c2f6ff.jpg,ANNOTATED
test,c3r3e2n41_jpg.rf.b479320d27b02c7e3026d9b519fdbe0b.jpg,ANNOTATED
test,c3r3e2n42_jpg.rf.8609c76b8f3f54cf6b288f81c1d2a5a3.jpg,ANNOTATED
test,c3r3e2n43_jpg.rf.8984ca11de1e857460dfba33d176b566.jpg,ANNOTATED
test,c3r3e2n44_jpg.rf.9e082f78bec3403c6badec3f730428bb.jpg,ANNOTATED
test,c3r3e2n45_jpg.rf.dd7af4100462f326c05d6503eae8857b.jpg,ANNOTATED
test,c3r3e3n41_jpg.rf.0249f22c6b1c681bc55a16036a82f99b.jpg,ANNOTATED
test,c3r3e3n42_jpg.rf.144ad771bc1228259c2aa6076a34572c.jpg,ANNOTATED
test,c3r3e3n43_jpg.rf.0fed84ee0ab646cda091b57a183d6772.jpg,ANNOTATED
test,c3r3e3n44_jpg.rf.6d9c4c220cabe9328317dac364ad34de.jpg,ANNOTATED
test,c3r3e3n45_jpg.rf.4cb606982af92ac946ff13d98b282330.jpg,ANNOTATED
test,c3r3e4n41_jpg.rf.aaedb877f3328c8a6bc527b877cf3a39.jpg,ANNOTATED
test,c3r3e4n42_jpg.rf.8522f50ab53c284563fd58815b8ad2d6.jpg,ANNOTATED
test,c3r3e4n43_jpg.rf.2548a336447d3a9537e52895e33b864b.jpg,ANNOTATED
test,c3r3e4n44_jpg.rf.e4b6935b6ef223ad052ad64e41b3f10b.jpg,ANNOTATED
test,c3r3e4n45_jpg.rf.ac93113093e354b2ac4f72cab3cf431d.jpg,ANNOTATED
